names=gets,readline,shift
visibility=public
kind=defined
source_location=manual/api/csv/CSV.md
since_by_name=gets=1.9.3,readline=1.9.3,shift=1.9.3
until_by_name=

### def shift    -> Array | CSV::Row
### def gets     -> Array | CSV::Row
### def readline -> Array | CSV::Row

[c:String] や [c:IO] をラップしたデータソースから一行だけ読み込んで
フィールドの配列か [c:CSV::Row] のインスタンスを返します。

データソースは読み込み用にオープンされている必要があります。

- **return** -- ヘッダを使用しない場合は配列を返します。
        ヘッダを使用する場合は [c:CSV::Row] を返します。

```ruby title="例"
require "csv"

csv = CSV.new(DATA.read)
p csv.readline # => ["header1", "header2"]
p csv.readline # => ["row1_1", "row1_2"]

__END__
header1,header2
row1_1,row1_2
```

